M,N,time_us,Tflops,utilization_ratio
2591,2856,32.68,0.22643500611995104,34.9034
3482,7673,84.059998,0.31783710011508687,47.00194
9817,2089,68.540001,0.2992079471956821,47.43286999999999
1974,5521,45.900002,0.23743907462139105,35.994935000000005
1980,1776,29.879999,0.11768675092659808,18.346740000000004
