M,N,time_us,Tflops,utilization_ratio
3633,5508,256.200012,0.07810524224331417,6.645980000000004
1568,9286,207.279999,0.07024531102974388,6.803140000000004
6775,9881,465.940002,0.14367466779553303,11.47163999999999
9248,1668,52.5,0.2938221714285714,23.79219000000001
2417,2199,106.0,0.05014134905660377,4.587594999999999
