M,N,time_us,Tflops,utilization_ratio
3633,5508,54.400002,0.3678412364764251,23.103857500000004
1568,9286,50.959999,0.28572308252988776,41.91378249999998
6775,9881,138.199997,0.48439780356869333,26.106585000000003
9248,1668,40.139999,0.3842965716067905,48.69925749999998
2417,2199,38.66,0.137480160372478,28.622997500000004
8851,7272,141.320007,0.4554519446068241,25.646545
5102,3408,49.5,0.35126496969696963,40.6508725
1579,9904,47.02,0.3325907273500638,25.014887500000004
