M,N,time_us,Tflops,utilization_ratio
3311,5445,84.099998,0.21436855444396086,36.8162575
6034,7102,164.880005,0.25990700327792926,39.2666025
8717,7126,231.5,0.2683254514038877,39.299647500000006
8401,8864,217.800003,0.3419029521317316,50.83378
5989,5929,145.339996,0.24431527437223816,37.682615000000006
1702,3931,49.419998,0.13538167281997868,63.97428750000002
